SIN ACENTOS,cruce falso,precio_m2,lista_airbnb,Cruce
10 de Mayo,#N/A,41526,10 De Abril,#N/A
19 de Mayo,#N/A,55648,12 De Diciembre,#N/A
20 de Noviembre,20 De Noviembre,41667,15 De Agosto,#N/A
2da Del Moral Del Pueblo Tetelpan,#N/A,71750,20 De Noviembre,20 de Noviembre
4 Arboles,4 Arboles,43804,24 De Abril,#N/A
5 de Diciembre Fovissste,#N/A,12470,2da Del Moral Del Pueblo Tetelpan,2da Del Moral Del Pueblo Tetelpan
5 de Mayo,5 De Mayo,27085,4 Arboles,4 Arboles
5to Tramo 20 De Noviembre,#N/A,25000,5to Tramo 20 De Noviembre,5to Tramo 20 De Noviembre
8 de Agosto,8 De Agosto,44571,8 De Agosto,8 de Agosto
8 de Agosto,8 De Agosto,34722,Abdias Garcia Soto,#N/A
Acacias,Acacias,55279,Abraham M Gonzalez,#N/A
Actipan,Actipan,40926,Acacias,Acacias
Adolfo Lopez Mateos,Adolfo Lopez Mateos,18215,Actipan,Actipan
Adolfo Lopez Mateos,Adolfo Lopez Mateos,20423,Adolfo Lopez Mateos,Adolfo Lopez Mateos
Adolfo Ruiz Cortinez,#N/A,37913,Adolfo Ruiz Cortinez,Adolfo Ruiz Cortinez
Aeronautica Militar,Aeronautica Militar,15009,Aeronautica Militar,Aeronautica Militar
Agricola Metropolitana,Agricola Metropolitana,23302,Agricola Oriental,Agricola Oriental
Agricola Oriental,Agricola Oriental,34042,Agricola Pantitlan,Agricola Pantitlan
Agricola Pantitlan,Agricola Pantitlan,20536,Aguilera,Aguilera
Agua Caliente,#N/A,14750,Ahuehuetes Anahuac,Ahuehuetes Anahuac
Aguilera,Aguilera,22281,Ajusco,Ajusco
Ahuehuetes Anahuac,Ahuehuetes Anahuac,52353,Alamos,Alamos
Ajusco,Ajusco,22517,Albert,Albert
Alamos,Alamos,15200,Alcantarilla,Alcantarilla
Albert,Albert,24644,Aldana,Aldana
Alborada,#N/A,44858,Alfonso Xiii,Alfonso XIII
Alcantarilla,Alcantarilla,33333,Algarin,Algarin
Aldana,Aldana,29417,Altavista,Altavista
Alfonso XIII,Alfonso Xiii,15649,Americas Unidas,Americas Unidas
Algarin,Algarin,29369,Ampl. Asturias,Ampl. Asturias
Alianza Popular Revolucionaria,Alianza Popular Revolucionaria,5256,Ampliacion Aviacion Civil,Ampliacion Aviacion Civil
Alvaro Obregon,#N/A,35053,Ampliacion Cosmopolita,Ampliacion Cosmopolita
Americas Unidas,Americas Unidas,29904,Ampliacion Daniel Garza,Ampliacion Daniel Garza
Ampliacion Alpes,Ampliacion Alpes,35542,Ampliacion Del Gas,Ampliacion Del Gas
Ampl. Asturias,#N/A,54042,Ampliacion Fuentes Del Pedregal,Ampliacion Fuentes del Pedregal
Ampliacion Aviacion Civil,Ampliacion Aviacion Civil,31429,Ampliacion Granada,Ampliacion Granada
Ampliacion Cosmopolita,Ampliacion Cosmopolita,69444,Ampliacion Lomas De San Bernabe,Ampliacion Lomas de San Bernabe
Ampliacion Daniel Garza,Ampliacion Daniel Garza,16562,Ampliacion Memetla,Ampliacion Memetla
Ampliacion Del Gas,Ampliacion Del Gas,19024,Ampliacion Napoles,#N/A
Ampliacion el Yaqui,#N/A,16507,Ampliacion Penitenciaria,Ampliacion Penitenciaria
Ampliacion Fuentes del Pedregal,Ampliacion Fuentes Del Pedregal,56593,Ampliacion Petrolera,Ampliacion Petrolera
Ampliacion Gabriel Ramos Millan,#N/A,30949,Ampliacion San Pedro Xalpa,Ampliacion San Pedro Xalpa
Ampliacion Granada,Ampliacion Granada,22389,Ampliacion Santa Maria Aztahuacan,#N/A
Ampliacion La Mexicana,#N/A,29830,Ampliacion Tepepan,#N/A
Ampliacion Las Aguilas,#N/A,19930,Ampliacion Venustiano Carranza,Ampliacion Venustiano Carranza
Ampliacion Lomas de San Bernabe,Ampliacion Lomas De San Bernabe,18686,Anahuac I Seccion,Anahuac I Seccion
Ampliacion Memetla,Ampliacion Memetla,30862,Anahuac Ii Seccion,Anahuac II Seccion
Ampliacion Michoacana,#N/A,53940,Angel Zimbron,Angel Zimbron
Ampliacion Penitenciaria,Ampliacion Penitenciaria,19286,Anzures,Anzures
Ampliacion Petrolera,Ampliacion Petrolera,13333,Aquiles Serdan,Aquiles Serdan
Ampliacion Piloto Adolfo Lopez Mateos,#N/A,35412,Aragon Inguaran,#N/A
Ampliacion San Pedro Xalpa,Ampliacion San Pedro Xalpa,30248,Aragon La Villa,#N/A
Ampliacion Sinatel,Ampliacion Sinatel,30690,Arboledas  Del Sur,#N/A
Ampliacion Venustiano Carranza,Ampliacion Venustiano Carranza,30198,Arenal,Arenal
Anahuac I Seccion,Anahuac I Seccion,17056,Arenal De Guadalupe,Arenal de Guadalupe
Anahuac II Seccion,Anahuac Ii Seccion,41388,Arenal Puerto Aereo,#N/A
Angel Zimbron,Angel Zimbron,48604,Argentina Poniente,Argentina Poniente
Anzures,Anzures,42317,Arpto Int De La Cd De Mex-Equipamiento,#N/A
Año de Juarez,#N/A,17021,Asturias,Asturias
Aquiles Serdan,Aquiles Serdan,39718,Atenor Salas,Atenor Salas
Arboledas del Sur,#N/A,18891,Atlamaya,Atlamaya
Arcos Centenario,#N/A,47075,Atlampa,Atlampa
Area 1,#N/A,21032,Avante,Avante
Arenal,Arenal,31996,Aviacion Civil,Aviacion Civil
Arenal 1a Seccion,#N/A,46744,Banjidal,Banjidal
Arenal 4a Seccion,#N/A,48907,Barrio Caltongo,#N/A
Arenal de Guadalupe,Arenal De Guadalupe,13319,Barrio Cruztitla,#N/A
Arenal Tepepan,#N/A,53527,Barrio Del Niño Jesus,Barrio del Niño Jesus
Argentina Antigua,Argentina Antigua,75952,Barrio La Concepcion,Barrio La Concepcion
Argentina Poniente,Argentina Poniente,32202,Barrio La Fama,Barrio La Fama
Artes Graficas,Artes Graficas,8111,Barrio La Otra Banda,#N/A
Asturias,Asturias,24853,Barrio Loreto,#N/A
Atenor Salas,Atenor Salas,18462,Barrio Nextengo,#N/A
Atlamaya,Atlamaya,10031,Barrio Oxtopulco Universidad,Barrio Oxtopulco Universidad
Atlampa,Atlampa,22324,Barrio Pocitos,#N/A
Atlantida,Atlantida,62668,Barrio San Bernabe,#N/A
Avante,Avante,71716,Barrio San Lucas,Barrio San Lucas
Aviacion Civil,Aviacion Civil,15185,Barrio San Marcos,#N/A
Axotla,#N/A,36961,Barrio San Mateo,#N/A
Azteca,#N/A,30531,Barrio San Miguel,#N/A
Banjidal,Banjidal,30612,Barrio San Pedro,#N/A
Barranca Seca,#N/A,38234,Barrio Santa Ana Sur,#N/A
Barrio Ahualapa,#N/A,36339,Barrio Santa Catarina,Barrio Santa Catarina
Barrio del Niño Jesus,Barrio Del Niño Jesus,59579,Barrio Santiago Centro Del Pueblo Santiago Zapotitlan,#N/A
Barrio del Niño Jesus,Barrio Del Niño Jesus,26815,Barrio Santiago Norte,#N/A
Barrio El Capuli­n,#N/A,16471,Barros Sierra,Barros Sierra
Barrio La Concepcion,Barrio La Concepcion,9534,Bejero Del Pueblo Santa Fe,Bejero del Pueblo Santa Fe
Barrio La Fama,Barrio La Fama,32438,Belisario Dominguez Seccion Xvi,Belisario Dominguez Seccion Xvi
Barrio La Lonja,Barrio La Lonja,30261,Bellavista,Bellavista
Barrio Norte,#N/A,46426,Bondojito,Bondojito
Barrio Oxtopulco Universidad,Barrio Oxtopulco Universidad,29972,Bosque,#N/A
Barrio San Francisco,Barrio San Francisco,14473,Bosque De Chapultepec I Seccion,Bosque de Chapultepec I Seccion
Barrio San Lucas,Barrio San Lucas,26803,Bosque De Chapultepec Ii Seccion,#N/A
Barrio Santa Catarina,Barrio Santa Catarina,37733,Bosque De Las Lomas,Bosque de las Lomas
Barros Sierra,Barros Sierra,22311,Bosque Residencial Del Sur,Bosque Residencial del Sur
Belisario Dominguez Seccion Xvi,#N/A,22414,Bosques De Las Lomas,Bosques de las Lomas
Bellavista,Bellavista,22092,Buenavista,Buenavista
Bosque de Chapultepec I Seccion,Bosque De Chapultepec I Seccion,30751,Buenos Aires,Buenos Aires
Bosque Residencial del Sur,Bosque Residencial Del Sur,25851,Campamento 2 De Octubre,Campamento 2 de Octubre
Bosques de las Lomas,Bosques De Las Lomas,27966,Campestre,Campestre
Bosques de las Lomas,Bosques De Las Lomas,27836,Campestre Churubusco,Campestre Churubusco
Bosques de Tetlameya,Bosques De Tetlameya,60000,Campestre Palo Alto,Campestre Palo Alto
Bosques del Pedregal,#N/A,24722,Cantera Puente De Piedra,Cantera Puente de Piedra
Buenavista,Buenavista,63611,Cantil Del Pedregal,Cantil Del Pedregal
Buenos Aires,Buenos Aires,22933,Capultitlan,#N/A
Cabeza de Juarez,#N/A,32963,Carlos A Madrazo,#N/A
Cafetales,#N/A,28822,Carola,Carola
Campamento 2 de Octubre,Campamento 2 De Octubre,30655,Centro,Centro
Campestre,Campestre,20423,Cerro De La Estrella,Cerro de La Estrella
Campestre,Campestre,43205,Cerro Del Guerrero,#N/A
Campestre Churubusco,Campestre Churubusco,42680,Chimalistac,Chimalistac
Campestre Palo Alto,Campestre Palo Alto,35971,Churubusco Country Club,Churubusco Country Club
Cantera Puente de Piedra,Cantera Puente De Piedra,41824,Ciudad De Los Deportes,Ciudad de los Deportes
Cantil Del Pedregal,Cantil Del Pedregal,28663,Ciudad Jardin,Ciudad Jardin
Carmen Serdan,#N/A,30114,Ciudad Universitaria,#N/A
Carola,Carola,13355,Claveria,Claveria
Casa Blanca,#N/A,17750,Colina Del Sur,Colina del Sur
Cedros,#N/A,19556,Colinas Del Ajusco,Colinas del Ajusco
Centro,Centro,57210,Colinas Del Bosque,Colinas del Bosque
Centro Medico Siglo XXI,#N/A,18924,Comuneros De Santa Ursula,#N/A
Cerro de La Estrella,Cerro De La Estrella,46789,Condesa,Condesa
Chapultepec Morales,#N/A,37666,Constitucion De 1917,Constitucion de 1917
Chichicaspatl,#N/A,28507,Contadero,Contadero
Chimalcoyotl,#N/A,42152,Cooperativa Palo Alto,Cooperativa Palo Alto
Chimalistac,Chimalistac,37214,Copilco El Alto,Copilco El Alto
Chimalli,#N/A,17488,Copilco El Bajo,Copilco El Bajo
Chimilli,#N/A,51768,Copilco Universidad,Copilco Universidad
Chinampac de Juarez,Chinampac De Juarez,49699,Cove,#N/A
Churubusco Country Club,Churubusco Country Club,33929,Credito Constructor,#N/A
Ciudad de los Deportes,Ciudad De Los Deportes,39744,Cuadrante De San Francisco,Cuadrante de San Francisco
Ciudad Jardin,Ciudad Jardin,39628,Cuajimalpa,Cuajimalpa
Claveria,Claveria,38673,Cuauhtemoc,Cuauhtemoc
Club de Golf Bosques,#N/A,45713,Cuauhtemoc Pensil,Cuauhtemoc Pensil
Club de Golf Mexico,#N/A,15259,Cuchilla Agricola Oriental,Cuchilla Agricola Oriental
Colina del Sur,Colina Del Sur,41905,Cuchilla Pantitlan,Cuchilla Pantitlan
Colinas del Ajusco,Colinas Del Ajusco,38024,Culhuacan Ctm Seccion Viii,Culhuacan CTM Seccion VIII
Colinas del Bosque,Colinas Del Bosque,52201,Daniel Garza,Daniel Garza
Colonial,#N/A,25093,Defensores De La Republica,#N/A
Coltongo,#N/A,36538,Del Carmen,Del Carmen
Condesa,Condesa,40051,Del Gas,Del Gas
Consejo Agrarista Mexicano,#N/A,46197,Del Parque,#N/A
Constitucion de 1917,Constitucion De 1917,22953,Del Recreo,Del Recreo
Contadero,Contadero,36000,Del Valle Centro,Del Valle Centro
Cooperativa Palo Alto,Cooperativa Palo Alto,17749,Del Valle Norte,Del Valle Norte
Cooperativa Union Olivos,#N/A,11628,Del Valle Sur,Del Valle Sur
Copilco,#N/A,35075,Deportivo Pensil,#N/A
Copilco El Alto,Copilco El Alto,7046,Desarrollo Urbano Quetzalcoatl,Desarrollo Urbano Quetzalcoatl
Copilco El Bajo,Copilco El Bajo,24567,Doctores,Doctores
Copilco Universidad,Copilco Universidad,41689,Dos Lagos,Dos Lagos
Corpus Christi,#N/A,17322,Educacion,Educacion
Cosmopolita,#N/A,33102,Ejido San Mateo,Ejido San Mateo
Country Club,#N/A,20423,Ejidos De San Pedro Martir,Ejidos de San Pedro Martir
Cruz Blanca,Cruz Blanca,31757,El Caracol,El Caracol
Cruz del Farol,Cruz Del Farol,21923,El Jaguey,#N/A
Cruz Manca,#N/A,30568,El Mirador 1a Seccion,El Mirador 1A Seccion
Cuadrante de San Francisco,Cuadrante De San Francisco,35901,El Molino,El Molino
Cuajimalpa,Cuajimalpa,10333,El Prado,El Prado
Cuauhtemoc,Cuauhtemoc,13429,El Rosario,El Rosario
Cuauhtemoc,Cuauhtemoc,32564,El Rosedal,El Rosedal
Cuauhtemoc Pensil,Cuauhtemoc Pensil,45873,El Sifon,El Sifon
Cuchilla Agricola Oriental,Cuchilla Agricola Oriental,39328,El Triangulo,#N/A
Cuchilla de Padierna,#N/A,28268,El Yaqui,El Yaqui
Cuchilla del Moral,#N/A,33538,Emiliano Zapata,Emiliano Zapata
Cuchilla Pantitlan,Cuchilla Pantitlan,58947,Ermita,Ermita
Cuevitas,#N/A,51722,Ermita Tizapan,Ermita Tizapan
Culhuacan CTM CROC,#N/A,28021,Escandon I Seccion,Escandon I Seccion
Culhuacan CTM Seccion I,#N/A,54167,Escandon Ii Seccion,Escandon II Seccion
Culhuacan CTM Seccion IX-A,#N/A,40136,Espartaco,Espartaco
Culhuacan CTM Seccion IX-B,#N/A,25733,Estado De Hidalgo,Estado de Hidalgo
Culhuacan CTM Seccion VI,Culhuacan Ctm Seccion Vi,23869,Estrella,#N/A
Culhuacan CTM Seccion VII,#N/A,46114,Estrella Del Sur,#N/A
Culhuacan CTM Seccion VIII,Culhuacan Ctm Seccion Viii,38875,Eva Samano De Lopez Mateos,#N/A
Culhuacan CTM Seccion X,#N/A,10526,Ex Ejido De  Santa Ursula Coapa,Ex Ejido De  Santa Ursula Coapa
Cumbres Reforma,#N/A,24119,Ex Escuela De Tiro,#N/A
Daniel Garza,Daniel Garza,46980,Ex Hacienda Coapa,Ex Hacienda Coapa
Del Carmen,Del Carmen,44170,Ex Hacienda San Juan De Dios,Ex Hacienda San Juan de Dios
Del Carmen,Del Carmen,43971,Ex Hipodromo De Peralvillo,Ex Hipodromo De Peralvillo
Del Gas,Del Gas,19617,Ex-Ejido De San Francisco Culhuacan,Ex-Ejido De San Francisco Culhuacan
Del Recreo,Del Recreo,37722,Ex-Hacienda De Guadalupe Chimalistac,Ex-Hacienda de Guadalupe Chimalistac
Del Valle,#N/A,40149,Extremadura Insurgentes,Extremadura Insurgentes
Delegacion Pol,#N/A,49560,Federal,Federal
Delegacion Politica,#N/A,10349,Felipe Angeles,Felipe Angeles
Delegacion Politica,#N/A,48749,Flor De Maria,Flor de Maria
Delegacion Politica,#N/A,10588,Florida,Florida
Delegacion Politica,#N/A,23107,Fraccionamiento Coyuya,Fraccionamiento Coyuya
Delegacion Politica AO,#N/A,41335,Francisco I Madero,Francisco I Madero
Delegacion Politica BJ,#N/A,52415,Fuego Nuevo,#N/A
Delegacion Politica Coyoacan,#N/A,25794,Fuentes Brotantes,Fuentes Brotantes
Delegacion Politica Cuajimalpa,#N/A,40359,Fuentes Del Pedregal,Fuentes del Pedregal
Delegacion Poli­tica Cuauhtemoc,#N/A,17440,Gabriel Ramos Millan,Gabriel Ramos Millan
Delegacion Politica Iztacalco,#N/A,61974,Gabriel Ramos Millan Secc Tlacotal,#N/A
Delegacion Poli­tica MC,#N/A,38631,Garcimarrero,Garcimarrero
Delegacion Poli­tica MH,#N/A,34942,General Ignacio Zaragoza,General Ignacio Zaragoza
Delegacion politica Tlahuac,#N/A,26443,General Pedro Ma Anaya,#N/A
Delegacion Poli­tica Tlalpan,#N/A,39893,Gertrudis Sanchez 2a Seccion,#N/A
Desarrollo Urbano Quetzalcoatl,Desarrollo Urbano Quetzalcoatl,20000,Granada,Granada
Direccion General de Recaudacion de La SHCP,#N/A,30454,Granjas De San Antonio,#N/A
Doctores,Doctores,32229,Granjas Mexico,Granjas Mexico
Dos Lagos,Dos Lagos,28571,Granjas Navidad,Granjas Navidad
Educacion,Educacion,35369,Granjas Palo Alto,#N/A
Ejercito de Agua Prieta,#N/A,9251,Guadalupe Del Moral,Guadalupe Del Moral
Ejercito de Oriente,#N/A,30476,Guadalupe Inn,Guadalupe Inn
Ejido San Mateo,Ejido San Mateo,31975,Guadalupe Insurgentes,Guadalupe Insurgentes
Ejidos de San Pedro Martir,Ejidos De San Pedro Martir,29306,Guadalupe Tepeyac,Guadalupe Tepeyac
El Capulin,#N/A,47374,Guerrero,Guerrero
El Caracol,El Caracol,14605,Hacienda San Juan,#N/A
El Centinela,El Centinela,30343,Haciendas De Coyoacan,#N/A
El Cuernito,#N/A,56134,Hermosillo,#N/A
El Gavilan,#N/A,49123,Heroes De 1910,Heroes de 1910
El Jagüey,#N/A,19724,Heroes De Cerro Prieto,#N/A
El Maestro,#N/A,34310,Heroes De Churubusco,Heroes de Churubusco
El Manto,#N/A,14473,Heroes De Padierna,Heroes de Padierna
El Mirador,#N/A,49275,Hipodromo,Hipodromo
El Mirador,#N/A,34179,Hipodromo Condesa,Hipodromo Condesa
El Mirador 1A Seccion,El Mirador 1a Seccion,27597,Huayatla,Huayatla
El Mirador 3A Seccion,#N/A,24018,Huichapan,Huichapan
El Molino,El Molino,7304,Independencia,Independencia
El Paraiso,El Paraiso,50000,Industrial,Industrial
El Parque de Coyoacan,#N/A,29885,Insurgentes Cuicuilco,Insurgentes Cuicuilco
El Prado,El Prado,34997,Insurgentes Mixcoac,Insurgentes Mixcoac
El Reloj,El Reloj,30000,Insurgentes San Borja,Insurgentes San Borja
El Retoño,El Retoño,37782,Irrigacion,Irrigacion
El Rosal,#N/A,28259,Isidro Fabela,Isidro Fabela
El Rosario,El Rosario,45763,Iztaccihuatl,Iztaccihuatl
El Rosario,El Rosario,36429,Jalalpa El Grande,#N/A
El Rosedal,El Rosedal,24751,Jamaica,Jamaica
El Santuario,#N/A,12938,Jardin Balbuena,Jardin Balbuena
El Sifon,El Sifon,41123,Jardines Del Ajusco,Jardines del Ajusco
El Tanque,#N/A,18779,Jardines Del Pedregal,Jardines del Pedregal
El Toro,El Toro,17617,Jardines Del Pedregal De San Angel,Jardines del Pedregal de San Angel
El Vergel,#N/A,25560,Jardines Del Sur,#N/A
El Yaqui,El Yaqui,18334,Jardines En La Montaña,Jardines en la Montaña
Emiliano Zapata,Emiliano Zapata,24138,Jose Maria Pino Suarez,#N/A
Emiliano Zapata Fraccionamiento Popular,#N/A,37702,Joyas Del Pedregal,Joyas del Pedregal
Emilio Carranza,#N/A,43548,Juan Escutia,Juan Escutia
Ermita,Ermita,52640,Juan Gonzalez Romero,#N/A
Ermita Tizapan,Ermita Tizapan,29214,Juarez,Juarez
Escandon I Seccion,Escandon I Seccion,28794,Justo Sierra,#N/A
Escandon II Seccion,Escandon Ii Seccion,32693,Juventino Rosas,Juventino Rosas
Escuela de Tiro,#N/A,48210,La Angostura,#N/A
Espartaco,Espartaco,52632,La Cruz,La Cruz
Esperanza,#N/A,30054,La Esmeralda,#N/A
Estacion Pantaco,Estacion Pantaco,53922,La Joya,La Joya
Estado de Hidalgo,Estado De Hidalgo,28466,La Joyita,#N/A
Euzkadi,#N/A,12965,La Malinche,La Malinche
Ex Hacienda Coapa,Ex Hacienda Coapa,43048,La Nopalera,#N/A
Ex Hacienda Coapa,Ex Hacienda Coapa,18108,La Palma,#N/A
Ex Hacienda El Rosario,#N/A,20704,La Preciosa,La Preciosa
Ex Hacienda San Juan de Dios,Ex Hacienda San Juan De Dios,34790,Lago Sur,Lago Sur
Ex-ejido de La Magdalena Mixiuhca,#N/A,33034,Las Aguilas,Las Aguilas
Ex-ejido de San Pablo Tepetlapa,#N/A,23250,Las Arboledas,#N/A
Ex-Ejido De San Francisco Culhuacan,#N/A,31000,Legaria,Legaria
Ex Ejido De  Santa Ursula Coapa,#N/A,120690,Letran Valle,Letran Valle
Ex-Hacienda de Guadalupe Chimalistac,Ex-Hacienda De Guadalupe Chimalistac,32732,Lindavista Norte,Lindavista Norte
Ex-Hacienda de Tarango,#N/A,23517,Lindavista Sur,Lindavista Sur
Ex Hipodromo De Peralvillo,#N/A,33427,Lindavista Vallejo 3a Seccion,Lindavista Vallejo 3a Seccion
Extremadura Insurgentes,Extremadura Insurgentes,43712,Loma Del Padre,#N/A
Faroles del Pedregal,#N/A,62952,Lomas Altas,Lomas Altas
Federal,Federal,17095,Lomas Axomiatla,#N/A
Felipe Angeles,Felipe Angeles,34000,Lomas De Bezares,Lomas de Bezares
Felipe Pescador,Felipe Pescador,25760,Lomas De Chapultepec I Seccion,Lomas De Chapultepec I Seccion
Ferreria,#N/A,71395,Lomas De Chapultepec Ii Seccion,Lomas De Chapultepec Ii Seccion
Flor de Maria,Flor De Maria,8231,Lomas De Chapultepec Iii Seccion,Lomas De Chapultepec Iii Seccion
Florida,Florida,31233,Lomas De Chapultepec Iv Seccion,Lomas De Chapultepec Iv Seccion
Fraccionamiento Coyuya,Fraccionamiento Coyuya,15696,Lomas De Chapultepec V Seccion,Lomas De Chapultepec V Seccion
Francisco I Madero,Francisco I Madero,24871,Lomas De Chapultepec Vi Seccion,Lomas De Chapultepec Vi Seccion
Fuentes Brotantes,Fuentes Brotantes,33760,Lomas De Chapultepec Vii Seccion,Lomas De Chapultepec Vii Seccion
Fuentes de Coyoacan,#N/A,25446,Lomas De Chapultepec Viii Seccion,Lomas De Chapultepec Viii Seccion
Fuentes de Tepepan,Fuentes De Tepepan,31877,Lomas De Guadalupe,#N/A
Fuentes del Pedregal,Fuentes Del Pedregal,55248,Lomas De Memetla,Lomas de Memetla
Gabriel Ramos Millan,Gabriel Ramos Millan,23743,Lomas De Plateros,Lomas de Plateros
Gabriel Ramos Millan,Gabriel Ramos Millan,46009,Lomas De San Angel Inn,Lomas de San Angel Inn
Gabriel Ramos Millan Seccion Bramadero,#N/A,32897,Lomas De San Bernabe,Lomas de San Bernabe
Gabriel Ramos Millan Seccion Cuchilla,#N/A,34903,Lomas De Santa Fe,Lomas de Santa Fe
Gabriel Ramos Millan Seccion Tlacotal,#N/A,18185,Lomas De Sotelo,Lomas de Sotelo
Garcimarrero,Garcimarrero,20259,Lomas De Tarango,Lomas de Tarango
General Ignacio Zaragoza,General Ignacio Zaragoza,25079,Lomas De Tonalco,#N/A
General Pedro Maria Anaya,#N/A,26553,Lomas De Vista Hermosa,Lomas de Vista Hermosa
Granada,Granada,24036,Lomas Estrella,Lomas Estrella
Granjas Coapa,#N/A,13265,Lomas Quebradas,Lomas Quebradas
Granjas de Palo Alto,#N/A,31834,Lorenzo Boturini,Lorenzo Boturini
Granjas Estrella,#N/A,35756,Los Alpes,Los Alpes
Granjas Mexico,Granjas Mexico,18533,Los Cedros,Los Cedros
Granjas Navidad,Granjas Navidad,29883,Los Cipreses,Los Cipreses
Granjas San Antonio,#N/A,23286,Los Girasoles,Los Girasoles
Guadalupe,Guadalupe,25385,Los Manzanos,Los Manzanos
Guadalupe Del Moral,Guadalupe Del Moral,13069,Los Padres,Los Padres
Guadalupe Inn,Guadalupe Inn,24123,Los Volcanes,Los Volcanes
Guelatao Benito Juarez,#N/A,38192,Magdalena Mixiuhca,Magdalena Mixiuhca
Guerrero,Guerrero,40626,Magisterial Coapa,Magisterial Coapa
H Colegio Militar Niños Heroes de Chapultepec,#N/A,22514,Manzanastitla,Manzanastitla
Hacienda de San Juan,#N/A,37324,Mariano Escobedo,Mariano Escobedo
Hacienda las Flores,#N/A,10400,Memetla,Memetla
Haciendas de,#N/A,26773,Merced Gomez,Merced Gomez
Heroes de 1910,Heroes De 1910,30907,Mexico Nuevo,#N/A
Heroes de Churubusco,Heroes De Churubusco,19986,Miguel Hidalgo,Miguel Hidalgo
Heroes de Padierna,Heroes De Padierna,12639,Miguel Hidalgo 2a Seccion,Miguel Hidalgo 2A Seccion
Heroes de Padierna,Heroes De Padierna,15123,Miguel Hidalgo 4a Seccion,Miguel Hidalgo 4A Seccion
Heron Proal,#N/A,42888,Militar Marte,Militar Marte
Hipodromo,Hipodromo,32857,Mixcoac,Mixcoac
Hogares Ferrocarrileros,#N/A,31027,Moctezuma 1a Seccion,Moctezuma 1a Seccion
Huautla de las Salinas,#N/A,29042,Moctezuma 2a. Seccion,#N/A
Huayatla,Huayatla,22538,Modelo Pensil,#N/A
Huichapan,Huichapan,34939,Moderna,Moderna
Ignacio Allende,#N/A,29826,Molino De Rosas,Molino de Rosas
Independencia,Independencia,4444,Molino De Santo Domingo,#N/A
Industrial San Antonio,Industrial San Antonio,57778,Molino Del Rey,#N/A
Industrial Vallejo,#N/A,40641,Monte Alban,#N/A
INFONAVIT,#N/A,32027,Morelos,Morelos
INPI Picos,Inpi Picos,40772,Napoles,Napoles
Insurgentes Cuicuilco,Insurgentes Cuicuilco,35545,Narciso Mendoza,Narciso Mendoza
Insurgentes Cuicuilco,Insurgentes Cuicuilco,2623,Narvarte Oriente,Narvarte Oriente
Insurgentes Mixcoac,Insurgentes Mixcoac,22807,Narvarte Poniente,Narvarte Poniente
Insurgentes San Borja,Insurgentes San Borja,14451,Nativitas,Nativitas
Irrigacion,Irrigacion,12773,Nextitla,#N/A
Isidro Fabela,Isidro Fabela,10000,Nicolas Bravo,Nicolas Bravo
ISSFAM,#N/A,14667,Niños Heroes,Niños Heroes
Iztaccihuatl,Iztaccihuatl,10000,Nonoalco Tlatelolco,Nonoalco Tlatelolco
Jacarandas,#N/A,16921,Nueva Industrial Vallejo,#N/A
Jamaica,Jamaica,56775,Nueva Santa Anita,Nueva Santa Anita
Jardin Azpeitia,#N/A,42054,Nueva Santa Maria,Nueva Santa Maria
Jardin Balbuena,Jardin Balbuena,14945,Nueva Tenochtitlan,#N/A
Jardines de Churubusco,#N/A,38849,Nueva Vallejo,Nueva Vallejo
Jardines de Coyoacan,#N/A,11196,Nuevo Renacimiento De Axalco,Nuevo Renacimiento de Axalco
Jardines del Ajusco,Jardines Del Ajusco,70370,Obrera,Obrera
Jardines del Pedregal,Jardines Del Pedregal,21782,Obrero Popular,Obrero Popular
Jardines del Pedregal de San Angel,Jardines Del Pedregal De San Angel,8612,Observatorio,Observatorio
Jardines en la Montaña,Jardines En La Montaña,36100,Olimpica,Olimpica
Jardines Tecma,#N/A,60962,Olivar De Los Padres,Olivar de los Padres
Jesus Del Monte,Jesus Del Monte,31841,Olivar Del Conde 2da Seccion,#N/A
Jose Maria Morelos y Pavon,#N/A,60000,Paraje San Juan Cerro,Paraje San Juan Cerro
Josefa Ortiz de Dominguez,#N/A,15203,Parque Nacional Bosque Del Pedregal,Parque Nacional Bosque del Pedregal
Joyas del Pedregal,Joyas Del Pedregal,18582,Parque San Andres,Parque San Andres
Juan Escutia,Juan Escutia,57515,Paseo De Las Lomas,Paseo de las Lomas
Juarez,Juarez,44210,Paseos De Churubusco,Paseos de Churubusco
Juventino Rosas,Juventino Rosas,24155,Paseos De Taxqueña,Paseos de Taxqueña
La Carbonera,#N/A,40625,Pedregal De Carrasco,Pedregal de Carrasco
La Cruz,La Cruz,28547,Pedregal De Las Aguilas,Pedregal de las Aguilas
La Cruz,La Cruz,18394,Pedregal De San Nicolas 1a Seccion,Pedregal de San Nicolas 1A Seccion
La Draga,#N/A,35257,Pedregal De San Nicolas 2a Seccion,Pedregal de San Nicolas 2A Seccion
La Estrella,#N/A,39259,Pedregal De San Nicolas 3a Seccion,Pedregal de San Nicolas 3A Seccion
La Herradura del Pueblo Tetelpan,#N/A,18333,Pedregal De San Nicolas 4a Seccion,Pedregal de San Nicolas 4A Seccion
La Joya,La Joya,34774,Pedregal De Santa Ursula,Pedregal de Santa Ursula
La Magdalena Contreras,#N/A,33963,Pedregal De Santo Domingo,Pedregal de Santo Domingo
La Magdalena Petlacalco,#N/A,39286,Pedregal De Sn Francisco,#N/A
La Magueyera,#N/A,10486,Pensador Mexicano,Pensador Mexicano
La Malinche,La Malinche,17578,Pensil Norte,Pensil Norte
La Manzanita,#N/A,29070,Peñon De Los Baños,Peñon de los Baños
La Norma FOVISSSTE,#N/A,36638,Peralitos,#N/A
La Otra Banda,#N/A,34598,Peralvillo,Peralvillo
La Otra Banda,#N/A,20704,Periodista,Periodista
La Peñita del Pueblo Tetelpan,#N/A,61524,Piedad Narvarte,#N/A
La Preciosa,La Preciosa,37143,Plan De Ayala,#N/A
La Primavera,#N/A,23000,Polanco I Seccion,Polanco I Seccion
La Providencia,#N/A,39495,Polanco Ii Seccion,Polanco Ii Seccion
La Raza,La Raza,31397,Polanco Iii Seccion,Polanco Iii Seccion
Lago Sur,Lago Sur,22498,Polanco Iv Seccion,Polanco Iv Seccion
Las Aguilas,Las Aguilas,32749,Polanco V Seccion,Polanco V Seccion
Las Aguilas 1a Seccion,#N/A,33114,Polvorilla,#N/A
Las Aguilas 3er Parque,#N/A,18895,Popo,#N/A
Las Americas,#N/A,35309,Popotla,Popotla
Las Campanas,#N/A,7390,Popular Rastro,Popular Rastro
Las Peñas,Las Peñas,42254,Popular Santa Teresa,Popular Santa Teresa
Las Tinajas,#N/A,42022,Portales Norte,#N/A
Las Tortolas,#N/A,34091,Portales Oriente,#N/A
Lazaro Cardenas,#N/A,69412,Portales Sur,#N/A
Legaria,Legaria,37037,Porvenir,Porvenir
Letran Valle,Letran Valle,58347,Postal,Postal
Leyes de Reforma 1a Seccion,#N/A,30961,Prado Coapa 2a Seccion,Prado Coapa 2A Seccion
Leyes de Reforma 2a Seccion,#N/A,33311,Prado Coapa 3a Seccion,Prado Coapa 3A Seccion
Leyes de Reforma 3a Seccion,Leyes De Reforma 3a Seccion,17442,Prados De Coyoacan,Prados de Coyoacan
Liberacion,#N/A,48673,Presidentes Ejidales 1a Seccion,Presidentes Ejidales 1a Seccion
Libertad,Libertad,43024,Pro Hogar,Pro Hogar
Locaxco,Locaxco,28354,Progresista,#N/A
Lomas - Virreyes,#N/A,28545,Progreso Nacional,#N/A
Lomas Altas,Lomas Altas,24947,Progreso Tizapan,Progreso Tizapan
Lomas de Axomiatla,#N/A,23992,Puebla,Puebla
Lomas de Bezares,Lomas De Bezares,36235,Pueblo Axotla,#N/A
Lomas de Chapultepec,#N/A,41947,Pueblo Chimalcoyotl,#N/A
Lomas de los Angeles del Pueblo Tetelpan,#N/A,25521,Pueblo De Los Reyes,Pueblo de los Reyes
Lomas de Memetla,Lomas De Memetla,16403,Pueblo De Santa Ursula Coapa,Pueblo de Santa Ursula Coapa
Lomas de Padierna,Lomas De Padierna,46401,Pueblo De Santiago Atzacoalco,#N/A
Lomas de Padierna Sur,#N/A,28271,Pueblo La Candelaria,Pueblo La Candelaria
Lomas de Plateros,Lomas De Plateros,24228,Pueblo La Magdalena,#N/A
Lomas de Puerta Grande,#N/A,39273,Pueblo La Magdalena Petlacalco,#N/A
Lomas de Reforma,#N/A,18143,Pueblo San Andres,#N/A
Lomas de San Angel,#N/A,66467,Pueblo San Andres Totoltepec,#N/A
Lomas de San Angel Inn,Lomas De San Angel Inn,27000,Pueblo San Bartolo Ameyalco,#N/A
Lomas de San Bernabe,Lomas De San Bernabe,15625,Pueblo San Bernabe Ocotepec,#N/A
Lomas de San Lorenzo,Lomas De San Lorenzo,20946,Pueblo San Francisco Tetecala,#N/A
Lomas de Santo Domingo,#N/A,9822,Pueblo San Francisco Tlalnepantla,#N/A
Lomas de Sotelo,Lomas De Sotelo,16154,Pueblo San Lorenzo Acopilco,#N/A
Lomas de Tarango,Lomas De Tarango,35661,Pueblo San Martin Xochinahuac,#N/A
Lomas de Vista Hermosa,Lomas De Vista Hermosa,38743,Pueblo San Mateo Tlaltenango,#N/A
Lomas del Chamizal,#N/A,27301,Pueblo San Mateo Xalpa,#N/A
Lomas del Pedregal,#N/A,17021,Pueblo San Miguel Ajusco,#N/A
Lomas del Pedregal Framboyanes,#N/A,40738,Pueblo San Miguel Topilejo,#N/A
Lomas El Manto,#N/A,62694,Pueblo San Miguel Xicalco,#N/A
Lomas Estrella,Lomas Estrella,31598,Pueblo San Nicolas Totolapan,#N/A
Lomas Hermosa,#N/A,36404,Pueblo San Pablo Tepetlapa,#N/A
Lomas Hidalgo,#N/A,27288,Pueblo San Pedro Martir,#N/A
Lomas Quebradas,Lomas Quebradas,23807,Pueblo San Salvador Cuauhtenco,#N/A
Lorenzo Boturini,Lorenzo Boturini,68742,Pueblo Santa Fe,#N/A
Loreto,#N/A,15110,Pueblo Santa Lucia Chantepec,#N/A
Los Alpes,Los Alpes,31463,Pueblo Santa Maria Tepepan,#N/A
Los Angeles,Los Angeles,36140,Pueblo Santa Rosa Xochiac,#N/A
Los Angeles Apanoaya,#N/A,32338,Pueblo Santa Ursula Xitla,#N/A
Los Cedros,Los Cedros,41451,Pueblo Santiago Tepalcatlalpan,#N/A
Los Cedros,Los Cedros,26041,Pueblo Santo Domingo,#N/A
Los Cipreses,Los Cipreses,47789,Pueblo Tetelpan,#N/A
Los Fresnos,#N/A,11438,Pueblo Tizapan,#N/A
Los Girasoles,Los Girasoles,17358,Pueblo Tlacopac,#N/A
Los Manzanos,Los Manzanos,4144,Rancho Los Colorines,Rancho los Colorines
Los Olivos,#N/A,53081,Real De Las Lomas,Real de las Lomas
Los Padres,Los Padres,24740,Reforma Iztaccihuatl Norte,Reforma Iztaccihuatl Norte
Los Picos de Iztacalco,#N/A,29427,Reforma Pensil,#N/A
Los Reyes,#N/A,40623,Reforma Social,Reforma Social
Los Reyes,#N/A,37307,Residencial Emperadores,Residencial Emperadores
Los Reyes,#N/A,5909,Residencial Militar,#N/A
Los Sauces,#N/A,32770,Residencial Miramontes,#N/A
Los Volcanes,Los Volcanes,54813,Residencial Villa Coapa,Residencial Villa Coapa
Magdalena Atlazolpa,#N/A,66860,Residencial Zacatenco,Residencial Zacatenco
Magdalena Mixiuhca,Magdalena Mixiuhca,34891,Revolucion,Revolucion
Magisterial Coapa,Magisterial Coapa,45996,Rinconada Coapa 2a Seccion,Rinconada Coapa 2a Seccion
Manzanastitla,Manzanastitla,29263,Rinconada De Tarango,#N/A
Mariano Escobedo,Mariano Escobedo,44224,Roma Norte,Roma Norte
Maza,Maza,39049,Roma Sur,Roma Sur
Memetla,Memetla,36513,Romero De Terreros,Romero de Terreros
Merced Balbuena,Merced Balbuena,33799,Sacramento,Sacramento
Merced Gomez,Merced Gomez,28748,San Agustin Del Pueblo Tetelpan,#N/A
Merced Gomez,Merced Gomez,56476,San Alvaro,San Alvaro
Mesa de los Hornos,#N/A,34656,San Andres Tetepilco,San Andres Tetepilco
Mexico Tacuba,#N/A,23237,San Angel,San Angel
Miguel Aleman,#N/A,17900,San Angel Inn,San Angel Inn
Miguel Hidalgo,Miguel Hidalgo,58629,San Bartolo Atepehuacan,San Bartolo Atepehuacan
Miguel Hidalgo,Miguel Hidalgo,22537,San Bartolo El Chico,San Bartolo El Chico
Miguel Hidalgo,Miguel Hidalgo,17778,San Clemente Norte,San Clemente Norte
Miguel Hidalgo 1A Seccion,Miguel Hidalgo 1a Seccion,47499,San Clemente Sur,San Clemente Sur
Miguel Hidalgo 2A Seccion,Miguel Hidalgo 2a Seccion,37426,San Diego Churubusco,San Diego Churubusco
Miguel Hidalgo 3A Seccion,Miguel Hidalgo 3a Seccion,35979,San Diego Ocoyoacac,San Diego Ocoyoacac
Miguel Hidalgo 4A Seccion,Miguel Hidalgo 4a Seccion,64312,San Francisco Culhuacan Barrio De Santa Ana,#N/A
Militar Marte,Militar Marte,26295,San Gabriel,#N/A
Mirador del Valle,#N/A,27268,San Jeronimo,#N/A
Mirador I,#N/A,28125,San Jeronimo Aculco,San Jeronimo Aculco
Miravalle,Miravalle,37436,San Jeronimo Lidice,San Jeronimo Li­dice
Mixcoac,Mixcoac,16176,San Joaquin,San Joaquin
Mixcoatl,#N/A,40368,San Jose De Los Cedros,San Jose de los Cedros
Moctezuma 1a Seccion,Moctezuma 1a Seccion,30926,San Jose Insurgentes,San Jose Insurgentes
Moctezuma 2a Seccion,#N/A,32708,San Juan,San Juan
Moderna,Moderna,18906,San Juan De Aragon I Seccion,#N/A
Molino de Rosas,Molino De Rosas,24486,San Juan De Aragon Iii Seccion,#N/A
Morelos,Morelos,47465,San Juan De Aragon Iv Seccion,#N/A
Morelos,Morelos,42010,San Juan De Aragon V Seccion,#N/A
Napoles,Napoles,29656,San Juan Tepepan,San Juan Tepepan
Narciso Mendoza,Narciso Mendoza,24181,San Juan Xalpa,San Juan Xalpa
Narvarte,#N/A,30480,San Juanico,San Juanico
National Schools,#N/A,29978,San Lorenzo Tlatenango,#N/A
Nativitas,Nativitas,45262,San Mateo,San Mateo
Nextengo,#N/A,34065,San Miguel Chapultepec I Seccion,#N/A
Nicolas Bravo,Nicolas Bravo,41740,San Miguel Chapultepec Ii Seccion,#N/A
Niños Heroes,Niños Heroes,58081,San Nicolas Tolentino,San Nicolas Tolentino
Nochebuena,#N/A,40265,San Pedro Apostol,San Pedro Apostol
Nonoalco Tlatelolco,Nonoalco Tlatelolco,23768,San Pedro De Los Pinos,San Pedro de los Pinos
Nueva España,#N/A,16366,San Pedro El Chico,San Pedro El Chico
Nueva Oriental Coapa,Nueva Oriental Coapa,24026,San Pedro Zacatenco,San Pedro Zacatenco
Nueva Rosita,#N/A,29167,San Rafael,San Rafael
Nueva Santa Anita,Nueva Santa Anita,33496,San Simon Ticumac,San Simon Ticumac
Nueva Santa Maria,Nueva Santa Maria,11224,San Simon Tolnahuac,San Simon Tolnahuac
Nuevo Renacimiento de Axalco,Nuevo Renacimiento De Axalco,49278,Santa Anita,Santa Anita
Obrera,Obrera,54325,Santa Cecilia,Santa Cecilia
Obrero Popular,Obrero Popular,58669,Santa Cruz Atoyac,Santa Cruz Atoyac
Observatorio,Observatorio,48063,Santa Cruz Aviacion,Santa Cruz Aviacion
Ocotillos del Pueblo Tetelpan,#N/A,20024,Santa Fe,Santa Fe
Olimpica,Olimpica,43864,Santa Fe Centro Ciudad,#N/A
Olivar de los Padres,Olivar De Los Padres,61111,Santa Fe Cuajimalpa,#N/A
Palmas,#N/A,9405,Santa Fe La Loma,#N/A
Paraje 38,#N/A,43109,Santa Fe Peña Blanca,#N/A
Paraje San Juan,Paraje San Juan,51491,Santa Isabel Tola,#N/A
Paraje San Juan Cerro,Paraje San Juan Cerro,13380,Santa Maria La Ribera,Santa Maria La Ribera
Parque del Pedregal,Parque Del Pedregal,28882,Santa Maria Nonoalco,Santa Maria Nonoalco
Parque Nacional Bosque del Pedregal,Parque Nacional Bosque Del Pedregal,34361,Santa Teresa,Santa Teresa
Parque San Andres,Parque San Andres,35533,Santisima Trinidad,#N/A
Parres El Guarda,#N/A,36656,Santo Tomas,Santo Tomas
Partido de La Revolucion Democratica,#N/A,59419,Sector Popular,Sector Popular
Paseo de las Lomas,Paseo De Las Lomas,27347,Selene,#N/A
Paseos de Churubusco,Paseos De Churubusco,36180,Sevilla,Sevilla
Paseos de Taxqueña,Paseos De Taxqueña,42551,Simon Bolivar,Simon Bolivar
Paseos del Sur,#N/A,39213,Sinatel,#N/A
Pasteros,Pasteros,42283,Tabacalera,Tabacalera
Patrimonio Familiar,Patrimonio Familiar,21135,Tacuba,Tacuba
Paulino Navarro,Paulino Navarro,124231,Tacubaya,Tacubaya
Pedregal,#N/A,13846,Tarango,Tarango
Pedregal 2,#N/A,50330,Tecalcapa Del Pueblo Tetelpan,#N/A
Pedregal de Carrasco,Pedregal De Carrasco,11667,Tenorios,Tenorios
Pedregal de Coyoacan,#N/A,23930,Tepalcates,Tepalcates
Pedregal de las Aguilas,Pedregal De Las Aguilas,25764,Tepeyac Insurgentes,Tepeyac Insurgentes
Pedregal de San Francisco,#N/A,9606,Tlacoquemecatl,Tlacoquemecatl
Pedregal de San Nicolas,#N/A,21480,Tlalcoligia,Tlalcoligia
Pedregal de San Nicolas 1A Seccion,Pedregal De San Nicolas 1a Seccion,18537,Tlalpan,Tlalpan
Pedregal de San Nicolas 2A Seccion,Pedregal De San Nicolas 2a Seccion,25312,Tlalpan Centro,#N/A
Pedregal de San Nicolas 3A Seccion,Pedregal De San Nicolas 3a Seccion,98850,Tlatilco,Tlatilco
Pedregal de San Nicolas 4A Seccion,Pedregal De San Nicolas 4a Seccion,51587,Tlaxpana,Tlaxpana
Pedregal de Santa Ursula,Pedregal De Santa Ursula,41154,Tlazintla,Tlazintla
Pedregal de Santa Ursula Xitla,#N/A,54178,Tolteca,Tolteca
Pedregal de Santo Domingo,Pedregal De Santo Domingo,67140,Toriello Guerra,Toriello Guerra
Pedregal del Lago,#N/A,25843,Torres De Potrero,Torres de Potrero
Pedregal Del Sur,#N/A,43402,Transito,Transito
PEMEX,#N/A,27070,Unidad Cuitlahuac,Unidad Cuitlahuac
Penitenciaria,#N/A,57503,Unidad Modelo,#N/A
Pensador Mexicano,Pensador Mexicano,30626,Unidad Santa Cruz Meyehualco,#N/A
Pensil Norte,Pensil Norte,43278,Unidad Vicente Guerrero,#N/A
Pensil Sur,#N/A,28358,Valentin Gomez Farias,Valentin Gomez Farias
Peña Pobre,#N/A,20565,Valle De Tepepan,Valle de Tepepan
Peñon de los Baños,Peñon De Los Baños,88316,Valle Escondido,Valle Escondido
Peralvillo,Peralvillo,37007,Valle Gomez,Valle Gomez
Periodista,Periodista,34918,Vallejo,Vallejo
Petroleos Mexicanos,#N/A,22102,Ventura Perez De Alva,#N/A
Petrolera,#N/A,49920,Venustiano Carranza,Venustiano Carranza
Petrolera Taxqueña,#N/A,35989,Vergel De Coyoacan,Vergel de Coyoacan
Plazuela del Pedregal,#N/A,29675,Vergel Del Sur,Vergel del Sur
Plenitud,Plenitud,15192,Veronica Anzures,Veronica Anzures
Plomeros,#N/A,10730,Vertiz Narvarte,Vertiz Narvarte
Polanco Chapultepec,#N/A,61404,Viaducto Piedad,Viaducto Piedad
Popotla,Popotla,51326,Viejo Ejido Santa Ursula Coapa,#N/A
Popular Rastro,Popular Rastro,23370,Villa Coyoacan,Villa Coyoacan
Popular Santa Teresa,Popular Santa Teresa,14844,Villa De Cortes,Villa de Cortes
Portales,#N/A,17857,Villa Gustavo A Madero,#N/A
Porvenir,Porvenir,21987,Villa Hermosa,#N/A
Postal,Postal,39171,Villa Lazaro Cardenas,Villa Lazaro Cardenas
Potrero del Llano,#N/A,31613,Villa Olimpica,#N/A
Prado Churubusco,#N/A,32325,Villa Progresista,#N/A
Prado Coapa 1A Seccion,#N/A,12261,Villa Tlalpan,#N/A
Prado Coapa 2A Seccion,Prado Coapa 2a Seccion,40008,Vista Alegre,Vista Alegre
Prado Coapa 3A Seccion,Prado Coapa 3a Seccion,34257,Vistas Del Pedregal,#N/A
Prados,#N/A,33309,Xoco,Xoco
Prados de Coyoacan,Prados De Coyoacan,7368,Xotepingo,Xotepingo
Prados de La Montaña,#N/A,35598,Zacahuitzco,Zacahuitzco
Prados del Rosario,#N/A,44771,Zona Federal,#N/A
Presidente Madero,#N/A,25841,#N/D,#N/A
Presidente Miguel Aleman,#N/A,31789,Belvedere Ajusco,#N/A
Presidentes de Mexico,Presidentes De Mexico,68750,Pueblo San Lorenzo Tezonco,#N/A
Presidentes Ejidales 1a Seccion,Presidentes Ejidales 1a Seccion,37452,San Francisco Culhuacan Barrio De La Magdalena,#N/A
Presidentes Ejidales 2a Seccion,#N/A,12674,Barrio Los Reyes,#N/A
Pro Hogar,Pro Hogar,23636,Miguel Hidalgo 1a Seccion,Miguel Hidalgo 1A Seccion
Progreso Tizapan,Progreso Tizapan,22384,Chalma De Guadalupe,#N/A
Providencia,#N/A,90403,Salvador Diaz Miron,#N/A
Puebla,Puebla,44695,Granjas Esmeralda,#N/A
Pueblo Culhuacan,#N/A,24444,Noche Buena,#N/A
Pueblo de los Reyes,Pueblo De Los Reyes,41455,Pueblo Santo Tomas Ajusco,#N/A
Pueblo de San Pablo Tepetlapa,#N/A,23161,Ampliacion Casas Aleman,#N/A
Pueblo de Santa Ursula Coapa,Pueblo De Santa Ursula Coapa,43486,1ra Victoria,#N/A
Pueblo La Candelaria,Pueblo La Candelaria,59274,San Juan De Aragon Vii Seccion,#N/A
Pueblo Nuevo Alto,#N/A,55083,Belisario Dominguez,#N/A
Pueblo Nuevo Bajo,#N/A,32435,Alianza Popular Revolucionaria,Alianza Popular Revolucionaria
Pueblo Quieto,#N/A,24212,Merced Balbuena,Merced Balbuena
Puente Colorado,#N/A,45002,Valle Del Sur,#N/A
Rancho los Colorines,Rancho Los Colorines,11860,Libertad,Libertad
Rancho San Francisco del Pbo San Bartolo Ameyalco,#N/A,16221,Barrio Santa Cruz,#N/A
Reacomodo Valentin Gomez Farias,Reacomodo Valentin Gomez Farias,44015,Barrio Xaltocan,#N/A
Real del Moral,Real Del Moral,26858,Jardines Del Llano,#N/A
Reforma Iztaccihuatl Norte,Reforma Iztaccihuatl Norte,16945,Barrio Santa Apolonia,#N/A
Reforma Iztaccihuatl Sur,#N/A,21271,Centro De Azcapotzalco,#N/A
Reforma Politica,#N/A,26563,Santa Martha Acatitla Norte,Santa Martha Acatitla Norte
Reforma Social,Reforma Social,32702,Constitucion De La Republica,#N/A
Residencial Acoxpa,#N/A,41478,Pueblo Santa Maria Nativitas,#N/A
Residencial Emperadores,Residencial Emperadores,22094,Patrimonio Familiar,Patrimonio Familiar
Residencial Hacienda Coapa,#N/A,47384,Loma Hermosa,#N/A
Residencial Insurgentes,#N/A,31811,Miguel Hidalgo 3a Seccion,Miguel Hidalgo 3A Seccion
Residencial Pedregal Picacho,#N/A,19349,Ampliacion Alpes,Ampliacion Alpes
Residencial Villa Coapa,Residencial Villa Coapa,22642,Pueblo San Juan Tlihuaca,#N/A
Residencial Villa Prado Coapa,#N/A,59632,Narciso Bassols,#N/A
Revolucion,Revolucion,29775,Las Peñas,Las Peñas
Reynosa Tamaulipas,Reynosa Tamaulipas,34778,Siete Maravillas,#N/A
Rincon de las Lomas,#N/A,38392,Locaxco,Locaxco
Rincon del Pedregal,Rincon Del Pedregal,32669,Ampliacion San Juan De Aragon,#N/A
Rinconada Coapa 1A Seccion,#N/A,36063,Barrio San Francisco,Barrio San Francisco
Rinconada Coapa 2a Seccion,Rinconada Coapa 2a Seccion,44203,Real Del Moral,Real del Moral
Rinconada Estrella,#N/A,33515,Planetario Lindavista,#N/A
Rinconada Las Hadas,#N/A,23266,Heroico Colegio Militar,#N/A
Roma Norte,Roma Norte,19198,El Centinela,El Centinela
Roma Sur,Roma Sur,27760,Pueblo San Nicolas Tetelco,#N/A
Romero de Terreros,Romero De Terreros,44005,Pueblo Sta Cruz Meyehualco,#N/A
Romero Rubio,Romero Rubio,42249,Jesus Del Monte,Jesus Del Monte
Romulo Sanchez Mireles,#N/A,22013,Santa Maria Insurgentes,Santa Maria Insurgentes
Rosedal,#N/A,23655,Nueva Atzacoalco,#N/A
Sacramento,Sacramento,26000,El Rodeo,#N/A
San Alvaro,San Alvaro,20000,Nueva Oriental Coapa,Nueva Oriental Coapa
San Andres,#N/A,27933,Ampliacion Caracol,#N/A
San Andres Tetepilco,San Andres Tetepilco,34799,Plenitud,Plenitud
San Andres Totoltepec,#N/A,49874,Pueblo San Lorenzo Tlacoyucan,#N/A
San Angel,San Angel,41066,Paulino Navarro,Paulino Navarro
San Angel Inn,San Angel Inn,11744,El Toro,El Toro
San Antonio,#N/A,28400,Lomas De Padierna,Lomas de Padierna
San Antonio Tecomitl,#N/A,43428,Celoalliotli,#N/A
San Bartolo Ameyalco,#N/A,28352,Ampliacion El Triunfo,#N/A
San Bartolo Cahualtongo,#N/A,344,Industrial San Antonio,Industrial San Antonio
San Bartolo El Chico,San Bartolo El Chico,13698,El Coyol,#N/A
San Bartolome Xicomulco,#N/A,13674,Santa Cruz Chavarrieta,#N/A
San Bernabe,#N/A,41732,Victoria De Las Democracias,Victoria de las Democracias
San Bernabe Ocotepec,#N/A,15205,San Juan De Aragon Ii Seccion,#N/A
San Buenaventura,#N/A,37710,Pasteros,Pasteros
San Clemente Norte,San Clemente Norte,26866,Ampliacion Sinatel,Ampliacion Sinatel
San Clemente Sur,San Clemente Sur,11861,El Retoño,El Retoño
San Diego Churubusco,San Diego Churubusco,35449,Magdalena De Las Salinas,#N/A
San Diego Ocoyoacac,San Diego Ocoyoacac,10583,Fuentes De Tepepan,Fuentes de Tepepan
San Francisco,#N/A,67619,Damian Carmona,#N/A
San Francisco Culhuacan,#N/A,27683,Ojo De Agua,#N/A
San Francisco Culhuacan Barrio La Magdalena,#N/A,42494,Rincon Del Pedregal,Rincon del Pedregal
San Francisco Culhuacan Barrio San Francisco,#N/A,26511,Atlantida,Atlantida
San Francisco Culhuacan Barrio San Juan,#N/A,29502,Arenal 1a. Seccion,#N/A
San Francisco Culhuacan Barrio Santa Ana,#N/A,18496,Infonavit Iztacalco,#N/A
San Francisco Tetecala,#N/A,48671,Martires De Rio Blanco,#N/A
San Francisco Xicaltongo,#N/A,20423,Acueducto,#N/A
San Francisco Xocotitla,#N/A,48531,Lomas De San Lorenzo,Lomas de San Lorenzo
San Isidro,#N/A,67570,Rosas Del Tepeyac,#N/A
San Jeronimo Aculco,San Jeronimo Aculco,15220,Vergel Coapa,#N/A
San Jeronimo Aculco,San Jeronimo Aculco,23833,Rancho San Francisco Del Pblo San Bartolo Ameyalco,#N/A
San Jeronimo Li­dice,#N/A,41027,Presidentes De Mexico,Presidentes de Mexico
San Joaquin,San Joaquin,35018,Lago Norte,Lago Norte
San Jose Aculco,San Jose Aculco,11214,Los Angeles,Los Angeles
San Jose de los Cedros,San Jose De Los Cedros,64044,Lomas De Cuilotepec,#N/A
San Jose del Olivar,#N/A,24417,Heroe De Nacozari,#N/A
San Jose Insurgentes,San Jose Insurgentes,47782,Romero Rubio,Romero Rubio
San Juan,San Juan,11143,Martin Carrera,Martin Carrera
San Juan Estrella,#N/A,35833,Gertrudis Sanchez 3a Seccion,#N/A
San Juan Tepepan,San Juan Tepepan,34901,7 De Julio,#N/A
San Juan Tepeximilpa,#N/A,26412,Barrio La Lupita Teticpac,#N/A
San Juan Tlihuaca,#N/A,35714,Un Hogar Para Nosotros,#N/A
San Juan Xalpa,San Juan Xalpa,81235,Vallejo Poniente,#N/A
San Juanico,San Juanico,27097,Primavera,#N/A
San Juanico Nextipac,#N/A,18415,Ampliacion Nativitas,#N/A
San Lorenzo,#N/A,24615,Escuadron 201,#N/A
San Lorenzo Huipulco,#N/A,76364,C T M Aragon,#N/A
San Lorenzo La Cebada,#N/A,52514,San Jose De La Escalera,#N/A
San Lorenzo Tezonco,#N/A,38930,D M Nacional,#N/A
San Lorenzo Tlaltenango,#N/A,43314,Argentina Antigua,Argentina Antigua
San Lorenzo Xicotencatl,#N/A,32727,Paraje San Juan,Paraje San Juan
San Marcos,#N/A,29165,El Tianguillo,#N/A
San Martin Xochinahuac,#N/A,8745,Tepantitlamilco,#N/A
San Mateo,San Mateo,20000,Santa Ines,Santa Ines
San Mateo Tlaltenango,#N/A,6429,Pueblo Santa Lucia,#N/A
San Miguel,#N/A,47320,Barrio La Purisima Ticoman,#N/A
San Miguel Ajusco,#N/A,30952,Residencial Acueducto De Guadalupe,Residencial Acueducto de Guadalupe
San Miguel Amantla,#N/A,28806,Arenal 2a. Seccion,#N/A
San Miguel Chapultepec,#N/A,37468,Las Aguilas 1ra Seccion,#N/A
San Miguel Topilejo,#N/A,53179,El Cantil,#N/A
San Miguel Xicalco,#N/A,48465,El Reloj,El Reloj
San Nicolas 2,#N/A,56093,Presidentes,#N/A
San Nicolas Tolentino,San Nicolas Tolentino,25159,Ampliacion Panamericana,#N/A
San Nicolas Totolapan,#N/A,28924,Pueblo Ocotla,#N/A
San Pablo,#N/A,32438,Cuchilla La Joya,#N/A
San Pablo Xalpa,#N/A,60222,Guadalupe,Guadalupe
San Pedro,#N/A,35243,Pueblo Santa Cecilia Tepetlapa,#N/A
San Pedro,#N/A,26166,Campestre Aragon,Campestre Aragon
San Pedro,#N/A,49467,Ampliacion El Santuario,#N/A
San Pedro Apostol,San Pedro Apostol,7040,San Salvador Xochimanca,San Salvador Xochimanca
San Pedro de los Pinos,San Pedro De Los Pinos,40528,Dr Alfonso Ortiz Tirado,#N/A
San Pedro de los Pinos,San Pedro De Los Pinos,37104,Unidad Ejercito Constitucionalista,Unidad Ejercito Constitucionalista
San Pedro Martir,#N/A,50278,Barrio Chapultepec,#N/A
San Pedro Xalpa,#N/A,36667,Barrio La Asuncion,#N/A
San Rafael,San Rafael,18353,Culhuacan Ctm Seccion Vi,Culhuacan CTM Seccion VI
San Rafael,San Rafael,15464,Reacomodo Valentin Gomez Farias,Reacomodo Valentin Gomez Farias
San Salvador Cuauhtenco,#N/A,31492,Maximino Avila Camacho,#N/A
San Salvador Xochimanca,San Salvador Xochimanca,28832,Culhuacan Ctm Canal Nacional,#N/A
San Sebastian,#N/A,30000,Tablas De San Agustin,Tablas de San Agustin
San Sebastian Tecoloxtitlan,#N/A,22312,Barrio La Lonja,Barrio La Lonja
San Simon Ticumac,San Simon Ticumac,85103,Janitzio,#N/A
San Simon Tolnahuac,San Simon Tolnahuac,32166,Pueblo San Juan De Aragon,#N/A
Santa Ana,#N/A,31667,San Jose Aculco,San Jose Aculco
Santa Ana Norte,#N/A,12176,5 De Mayo,5 de Mayo
Santa Ana Poniente,#N/A,35730,Cruz Del Farol,Cruz del Farol
Santa Anita,Santa Anita,29135,Felipe Pescador,Felipe Pescador
Santa Apolonia,#N/A,51247,Pueblo Santa Barbara,#N/A
Santa Barbara,#N/A,46093,Miravalle,Miravalle
Santa Catarina,#N/A,30952,San Juan De Aragon Vi Seccion,#N/A
Santa Cecilia,Santa Cecilia,31359,Cruz Blanca,Cruz Blanca
Santa Cruz Acayucan,#N/A,16102,Ampliacion Emiliano Zapata,#N/A
Santa Cruz Atoyac,Santa Cruz Atoyac,24957,Rancho Tejomulco,#N/A
Santa Cruz Aviacion,Santa Cruz Aviacion,50937,Ampliacion Simon Bolivar,#N/A
Santa Cruz de las Salinas,#N/A,38903,Barrio Santiago Sur,#N/A
Santa Fe,Santa Fe,27128,San Miguel Teotongo Secc Palmitas,#N/A
Santa Fe,Santa Fe,47302,Estacion Pantaco,Estacion Pantaco
Santa Fe IMSS,#N/A,35788,Villa Quietud,Villa Quietud
Santa Ines,Santa Ines,19833,San Miguel Teotongo Secc Jardines,#N/A
Santa Lucia,#N/A,25584,Tlacoyaque,#N/A
Santa Maria Aztahuacan,#N/A,28075,El Paraiso,El Paraiso
Santa Maria La Ribera,Santa Maria La Ribera,16403,Pueblo Santa Martha Acatitla,#N/A
Santa Maria Malinalco,#N/A,71875,Ampliacion Tlacuitlapa,#N/A
Santa Maria Nativitas,#N/A,27864,Leyes De Reforma 3a Seccion,Leyes de Reforma 3a Seccion
Santa Maria Nonoalco,Santa Maria Nonoalco,27186,Barrio La Concepcion Tlacoapa,#N/A
Santa Maria Nonoalco,Santa Maria Nonoalco,50769,Chinampac De Juarez,Chinampac de Juarez
Santa Martha Acatitla,#N/A,34105,Parque Del Pedregal,Parque del Pedregal
Santa Martha Acatitla Norte,Santa Martha Acatitla Norte,43659,Maza,Maza
Santa Martha Acatitla Sur,#N/A,3606,Barrio Santa Barbara,#N/A
Santa Rosa Xochiac,#N/A,32230,Barrio El Capulin,Barrio El Capuli­n
Santa Teresa,Santa Teresa,88000,La Raza,La Raza
Santa Ursula Xitla,#N/A,30201,Sindicato Mexicano De Electricistas,Sindicato Mexicano de Electricistas
Santiago,#N/A,45305,Cristo Rey,#N/A
Santiago Ahuizotla,#N/A,35360,Barrio San Lorenzo,#N/A
Santiago Norte,#N/A,24154,Vasco De Quiroga,#N/A
Santiago Sur,#N/A,33318,Benito Juarez,#N/A
Santiago Tepalcatlalpan,#N/A,44630,Cultura Maya,#N/A
Santiago Zapotitlan,#N/A,17405,Apatlaco,#N/A
Santo Domingo,#N/A,11702,Agricola Metropolitana,Agricola Metropolitana
Santo Tomas,Santo Tomas,24387,Reynosa Tamaulipas,Reynosa Tamaulipas
Santo Tomas Ajusco,#N/A,14735,Barrio Candelaria Ticoman,#N/A
Secretaria de Relaciones Exteriores,#N/A,44601,Pueblo Santa Catarina,#N/A
Sector Popular,Sector Popular,5549,Ampliacion Los Reyes,#N/A
Sevilla,Sevilla,12519,1ra Ampliacion Presidentes,#N/A
Simon Bolivar,Simon Bolivar,50359,Artes Graficas,Artes Graficas
Sindicato Mexicano de Electricistas,Sindicato Mexicano De Electricistas,30537,Barrio San Andres,#N/A
Solidaridad,#N/A,29479,Caracol,#N/A
Tabacalera,Tabacalera,43223,Pueblo San Sebastian Tecoloxtitla,#N/A
Tablas de San Lorenzo,#N/A,47159,Pueblo Santa Cruz Xochitepec,#N/A
Tacuba,Tacuba,14767,Barrio San Cristobal,#N/A
Tacubaya,Tacubaya,21052,Inpi Picos,INPI Picos
Tarango,Tarango,49569,Francisco Villa,#N/A
Taxqueña,#N/A,21809,Bosques De Tetlameya,Bosques de Tetlameya
Tenorios,Tenorios,21930,Ampliacion San Marcos Norte,#N/A
Tepalcates,Tepalcates,47401,,
Tetelpan,#N/A,46556,,
Tetlalpan,#N/A,46080,,
Tezozomoc,#N/A,31493,,
Ticoman,#N/A,21080,,
Tierra Nueva,#N/A,28862,,
Tizampampano del Pueblo Tetelpan,#N/A,15012,,
Tizapan,#N/A,24062,,
Tlacoquemecatl,Tlacoquemecatl,20283,,
Tlalcoligia,Tlalcoligia,46910,,
Tlalpan,Tlalpan,57458,,
Tlalpuente,#N/A,19797,,
Tlatilco,Tlatilco,34235,,
Tlaxpana,Tlaxpana,28333,,
Tlazintla,Tlazintla,29722,,
Tolteca,Tolteca,21888,,
Toriello Guerra,Toriello Guerra,20073,,
Torre Blanca,#N/A,68602,,
Torres de Maurel,#N/A,30717,,
Torres de Mixcoac,#N/A,34289,,
Torres de Padierna,#N/A,50084,,
Torres de Potrero,Torres De Potrero,31007,,
Torres de San Pedro,#N/A,29712,,
Trabajadores de Hierro,#N/A,,,
Transito,Transito,19941,,
Un Hogar Para Cada Trabajador,#N/A,28083,,
Unidad Cuitlahuac,Unidad Cuitlahuac,11527,,
Unidad Ejercito Constitucionalista,Unidad Ejercito Constitucionalista,46328,,
Unidad Independencia IMSS,#N/A,2410,,
Universal,#N/A,24352,,
Urbana Tlalpan Fovissste,#N/A,19419,,
Valentin Gomez Farias,Valentin Gomez Farias,34380,,
Valle de Tepepan,Valle De Tepepan,5543,,
Valle Escondido,Valle Escondido,43039,,
Valle Gomez,Valle Gomez,46634,,
Valle Gomez,Valle Gomez,12169,,
Ventura Perez de Alba,#N/A,17910,,
Venustiano Carranza,Venustiano Carranza,38740,,
Verano,#N/A,51105,,
Vergel de Coyoacan,Vergel De Coyoacan,22073,,
Vergel del Sur,Vergel Del Sur,14953,,
Veronica Anzures,Veronica Anzures,55128,,
Viaducto Piedad,Viaducto Piedad,39581,,
Victoria de las Democracias,Victoria De Las Democracias,22321,,
Viejo Ejido de Santa Ursula Coapa,#N/A,16167,,
Villa Centroamericana,#N/A,32370,,
Villa Coapa,#N/A,49090,,
Villa Coyoacan,Villa Coyoacan,28643,,
Villa Cuemanco,#N/A,41583,,
Villa de Cortes,Villa De Cortes,37658,,
Villa del Puente,#N/A,38579,,
Villa Lazaro Cardenas,Villa Lazaro Cardenas,58511,,
Villa Milpa Alta,#N/A,47473,,
Villa Panamericana,#N/A,31387,,
Villa Quietud,Villa Quietud,60893,,
Villa Verdun,#N/A,36427,,
Vista Alegre,Vista Alegre,55171,,
Vista Hermosa,#N/A,2620,,
Viveros Coatectlan,#N/A,37402,,
Viveros de Coyoacan,#N/A,47336,,
World Trade Center Ciudad de Mexico,#N/A,33196,,
Xoco,Xoco,25000,,
Xopa,#N/A,20870,,
Xotepingo,Xotepingo,42322,,
Zacahuitzco,Zacahuitzco,16071,,
Zacahuitzco,Zacahuitzco,44618,,
Zacayucan Peña Pobre,#N/A,18492,,
Zapotla,#N/A,35427,,
Zaragoza Bahia,#N/A,21345,,
Zona Centro,#N/A,18778,,
Acacias,,61730,,
8 de agosto,,48380,,
Actipan,,48934,,
Albert,,39262,,
Americas Unidas,,46689,,
Atenor Salas,,46572,,
Ciudad de los Deportes,,47004,,
Del Lago,,39921,,
Del Valle,,53422,,
Extremadura Insurgentes,,62241,,
General Pedro Maria Anaya,,46157,,
Independencia,,47288,,
Insurgentes Mixcoac,,69464,,
Insurgentes San Borja,,44201,,
Josefa Ortiz de Dominguez,,48570,,
Letran Valle,,52142,,
Merced Gomez,,45798,,
Miguel Aleman,,46732,,
Mixcoac,,54606,,
Moderna,,36939,,
Napoles,,57403,,
Narvarte,,54249,,
Nativitas,,50175,,
Niños Heroes,,40131,,
Nochebuena,,43626,,
Postal,,47035,,
San Juan,,44795,,
San Pedro de los Pinos,,53437,,
San Simon Ticumac,,38477,,
Santa Cruz Atoyac,,64518,,
Santa Maria Nonoalco,,46785,,
Tlacoquemecatl,,44121,,
Vertiz Narvarte,,31513,,
Xoco,,64220,,
Zacahuitzco,,49413,,
1a Ampliacion Presidentes,,9701,,
Alcantarilla,,32018,,
Alfonso XIII,,40151,,
Altavista,,45676,,
Alvaro Obregon,,43315,,
Ampliacion Alpes,,44484,,
Axotla,,36006,,
Bejero del Pueblo Santa Fe,,38400,,
Campestre,,48451,,
Carola,,45419,,
Chimalistac,,46321,,
Colina del Sur,,25977,,
El Encino del Pueblo Tetelpan,,32577,,
Ermita Tizapan,,34795,,
Florida,,53318,,
Garcimarrero,,28381,,
Guadalupe Inn,,68319,,
Jardines del Pedregal,,60128,,
La Otra Banda,,50386,,
Las Aguilas,,55007,,
Lomas De Las Aguilas,,32564,,
Lomas de San Angel Inn,,39120,,
Lomas de Santa Fe,,55184,,
Lomas de Tarango,,45222,,
Los Alpes,,63408,,
Merced Gomez,,45798,,
Olivar de los Padres,,46053,,
Paseo de las Lomas,,52267,,
Progreso Tizapan,,40978,,
San Angel,,56142,,
San Angel Inn,,58361,,
San Bartolo Ameyalco,,42056,,
San Pedro de los Pinos,,53437,,
Santa Fe,,54933,,
Santa Lucia,,37845,,
Tetelpan,,42196,,
Tizapan,,51853,,
Tlacopac,,55157,,
Tolteca,,38241,,
Torres de Potrero,,42212,,
Villa Verdun,,39323,,
Algarin,,37510,,
Asturias,,40866,,
Atlampa,,33528,,
Buenavista,,35800,,
Buenos Aires,,25535,,
Centro,,54634,,
Condesa,,72038,,
Cuauhtemoc,,55052,,
Doctores,,54702,,
Esperanza,,47962,,
Felipe Pescador,,29791,,
Guerrero,,41333,,
Hipodromo Condesa,,84073,,
Juarez,,74000,,
Maza,,30208,,
Morelos,,37496,,
Nonoalco Tlatelolco,,26568,,
Obrera,,29037,,
Paulino Navarro,,18333,,
Peralvillo,,26150,,
Roma,,71841,,
San Rafael,,56947,,
San Simon Tolnahuac,,31562,,
Santa Maria Insurgentes,,51476,,
Santa Maria La Ribera,,44263,,
Tabacalera,,84518,,
Transito,,33267,,
Valle Gomez,,37153,,
Vista Alegre,,21689,,
16 de Septiembre,,33281,,
5 de Mayo,,22388,,
Agricultura,,33748,,
Ahuehuetes Anahuac,,38909,,
Ampliacion Daniel Garza,,55199,,
Anzures,,62553,,
Argentina Poniente,,41077,,
Bosque de las Lomas,,45902,,
Daniel Garza,,22770,,
Dos Lagos,,33720,,
Francisco I Madero,,58316,,
Granada,,78555,,
Huichapan,,31413,,
Irrigacion,,44660,,
Lago Norte,,33900,,
Lago Sur,,37953,,
Legaria,,34827,,
Lomas Altas,,57259,,
Lomas de Bezares,,53122,,
Lomas de Reforma,,69693,,
Los Manzanos,,38152,,
Mariano Escobedo,,37410,,
Polanco,,69088,,
Real de las Lomas,,51881,,
Reforma Social,,61260,,
Tacuba,,33140,,
Tacubaya,,34679,,
Tlaxpana,,33502,,
Torre Blanca,,33344,,
Veronica Anzures,,50822,,
Acueducto de Guadalupe,,22498,,
Bondojito,,34369,,
Campestre Aragon,,28987,,
Candelaria Ticoman,,27193,,
Guadalupe Insurgentes,,40363,,
Guadalupe Tepeyac,,35647,,
Industrial,,43984,,
La Purisima Ticoman,,26140,,
Lindavista Norte,,59044,,
Lindavista Sur,,59044,,
Lindavista Vallejo I Seccion,,18696,,
Lindavista Vallejo II Seccion,,22456,,
Lindavista Vallejo 3a Seccion,,39783,,
Martin Carrera,,20488,,
Nueva Vallejo,,48606,,
Residencial Acueducto de Guadalupe,,33243,,
Residencial la Escalera,,32970,,
Residencial Zacatenco,,47947,,
San Bartolo Atepehuacan,,33493,,
San Jose Ticoman,,44657,,
San Juan de Aragon,,22491,,
San Pedro El Chico,,24938,,
San Pedro Zacatenco,,43938,,
Tablas de San Agustin,,31048,,
Tepeyac Insurgentes,,37004,,
Torres Lindavista,,35836,,
Vallejo,,30816,,
Villa Gustavo A. Madero,,34862,,
Polanco I Seccion,,97250,,
Polanco Ii Seccion,,97250,,
Polanco Iii Seccion,,97250,,
Polanco Iv Seccion,,97250,,
Polanco V Seccion,,97250,,
Lomas De Chapultepec I Seccion,,70212,,
Lomas De Chapultepec Ii Seccion,,70212,,
Lomas De Chapultepec Iii Seccion,,70212,,
Lomas De Chapultepec Iv Seccion,,70212,,
Lomas De Chapultepec V Seccion,,70212,,
Lomas De Chapultepec Vi Seccion,,70212,,
Lomas De Chapultepec Vii Seccion,,70212,,
Lomas De Chapultepec Viii Seccion,,70212,,
Narvarte Oriente,,54249,,
Narvarte Poniente,,54250,,
Del Valle Centro,,53422,,
Del Valle Norte,,53422,,
Del Valle Sur,,53422,,
San Miguel Chapultepec I Seccion,,68222,,
San Miguel Chapultepec Ii Seccion,,68222,,